{"train/loss": 1.739, "train/learning_rate": 9.143365417484009e-06, "train/epoch": 0.21, "train/global_step": 448, "_timestamp": 1698421207.3575156, "_runtime": 2550.875107526779, "_step": 447}