{"train/loss": 1.7583, "train/learning_rate": 0.0, "train/epoch": 5.0, "train/global_step": 5, "_timestamp": 1698846035.0357945, "_runtime": 216.1089584827423, "_step": 5, "train/train_runtime": 217.0346, "train/train_samples_per_second": 2.327, "train/train_steps_per_second": 0.023, "train/train_tokens_per_second": 1509.805, "train/total_flos": 2.559024998383616e+16, "train/train_loss": 1.8363187313079834, "_wandb": {"runtime": 215}}