{"train/loss": 1.8007, "train/learning_rate": 1.996545020086013e-05, "train/epoch": 0.28, "train/global_step": 220, "_timestamp": 1698850349.6348894, "_runtime": 2892.5671293735504, "_step": 219}