{"train/loss": 1.7626, "train/learning_rate": 1.9961226079249943e-05, "train/epoch": 0.29, "train/global_step": 226, "_timestamp": 1698850430.8593366, "_runtime": 2973.7915766239166, "_step": 225}